,Symbol,Company Name,Offer Amount,Date Filed,Zipcode,Number of Employees,Lockup Period,CIK,Lockup Expiration Date,Found
0,ACCL,ACCELGRAPHICS INC,23400000.0,1997-02-07,95112,55,180,947798,1997-08-06,1994.0
2,EGHT,8X8 INC /DE/,23400000.0,1997-02-04,95131,98,180,1023731,1997-08-03,1987.0
3,ACEI,PACIFIC SYSTEMS CONTROL TECHNOLOGY INC,6500000.0,1997-03-21,94065,38,180,1034840,1997-09-17,1997.0
4,JTFX,EFAX COM INC,28000000.0,1997-03-21,94025,86,180,872901,1997-09-17,1988.0
5,NTFY,NOTIFY TECHNOLOGY CORP,8000000.0,1997-03-14,95129,14,180,1031980,1997-09-10,1994.0
6,CRDM,CARDIMA INC,15925000.0,1997-03-13,94538,74,180,1022570,1997-09-09,1992.0
7,PRBZ,PROBUSINESS SERVICES INC,27500000.0,1997-03-12,94588,377,180,1028751,1997-09-08,1984.0
8,RMBS,RAMBUS INC,33000000.0,1997-03-06,94089,108,180,917273,1997-09-02,1990.0
9,INGE,INGENUUS CORP,78000000.0,1997-03-06,94086,127,180,1031911,1997-09-02,1991.0
10,FDJA,FAROUDJA INC,18000000.0,1997-07-30,94086,75,180,1034365,1998-01-26,1971.0
11,CNDO,CRESCENDO PHARMACEUTICALS CORP,62068375.0,1997-07-15,94304, -- ,180,1042138,1998-01-11,1990.0
12,IMSX,INTERNATIONAL MANUFACTURING SERVICES INC,57500000.0,1997-08-28,95131,2412,180,1018797,1998-02-24,1982.0
14,MMCN,MMC NETWORKS INC,38500000.0,1997-08-20,94086,84,180,1044660,1998-02-16,1992.0
15,USWB,USWEB CORP,37500000.0,1997-09-30,94107,431,180,1010724,1998-03-29,1995.0
16,HYBR,HYBRID NETWORKS INC,37800000.0,1997-09-19,95120,83,180,900091,1998-03-18,1978.0
18,POWI,POWER INTEGRATIONS INC,32000000.0,1997-09-11,95138,121,180,833640,1998-03-10,1988.0
19,SOMN,SOMNUS MEDICAL TECHNOLOGIES INC,42000000.0,1997-09-11,94086,58,180,1026405,1998-03-10,1996.0
20,PSEM,PERICOM SEMICONDUCTOR CORP,22500000.0,1997-09-10,95035,137,180,1001426,1998-03-09,1990.0
21,RBO,RIBOGENE INC / CA/,16100000.0,1997-10-27,94545,26,180,924654,1998-04-25,1989.0
22,SPLI,SPECTRA  PHYSICS INC,24000000.0,1997-10-21,94043,768,180,1047385,1998-04-19,1961.0
23,XPT,LECG INC,40500000.0,1997-10-16,94608,133,180,1047749,1998-04-14,1988.0
24,AMCC,APPLIED MICRO CIRCUITS CORP,44424000.0,1997-10-10,95054,287,180,711065,1998-04-08,1979.0
25,PTVL,PREVIEW TRAVEL INC,27500000.0,1997-10-03,94111,172,180,1047121,1998-04-01,1985.0
26,EXDS,EXDS INC,67500000.0,1998-01-16,95054,220,180,1013740,1998-07-15,1995.0
27,ATGC,ATG INC,16150000.0,1998-02-12,94538,154,180,1054000,1998-08-11,1976.0
28,DLM,DEL MONTE FOODS CO,300000000.0,1998-03-19,94111,2660,180,866873,1998-09-15,1901.0
29,CMTO,COM21 INC,60000000.0,1998-03-17,95035,136,180,945379,1998-09-13,1992.0
30,AXTI,AXT INC,25000000.0,1998-03-17,94538,242,180,1051627,1998-09-13,1986.0
31,NVDA,NVIDIA CORP,42000000.0,1998-03-06,95051,184,180,1045810,1998-09-02,1993.0
32,BRYO,BRIO SOFTWARE INC,31900000.0,1998-03-03,95054,200,180,1056294,1998-08-30,1989.0
33,SWNT,BEYOND COM CORP,45000000.0,1998-04-27,95054,75,180,1060531,1998-10-24,1994.0
34,BEBE,"BEBE STORES, INC.",27500000.0,1998-04-17,94005,940,180,1059272,1998-10-14,1976.0
35,INKT,INKTOMI CORP,40572000.0,1998-04-16,94404,89,180,1024302,1998-10-13,1996.0
36,ABGX,ABGENIX INC,20000000.0,1998-04-03,94555,57,180,1052837,1998-09-30,1996.0
37,ABOV,ABOVENET COMMUNICATIONS INC,65000000.0,1998-09-10,95113,78,180,1026819,1999-03-09,1996.0
38,SRNA,SERENA SOFTWARE INC,78000000.0,1998-11-23,94404,186,180,1073967,1999-05-22,1988.0
39,CMPL,FATBRAIN COM INC,30000000.0,1998-11-17,95051,165,180,1066010,1999-05-16,1994.0
40,CPTH,CRITICAL PATH INC,108000000.0,1999-01-29,94105,133,180,1060801,1999-07-28,1997.0
41,PRSF,PORTAL SOFTWARE INC,56000000.0,1999-02-26,95014,303,180,1080306,1999-08-25,1985.0
42,LATD,LATITUDE COMMUNICATIONS INC,36000000.0,1999-02-25,95054,121,180,1078425,1999-08-24,1993.0
43,INFA,INFORMATICA LLC,44000000.0,1999-02-19,94063,200,180,1080099,1999-08-18,1993.0
44,MPTH,HEARME,70200000.0,1999-02-16,94043,111,180,1078693,1999-08-15,1995.0
45,MRBA,MARIMBA INC,80000000.0,1999-02-12,94043,162,180,1078295,1999-08-11,1996.0
46,EXTR,EXTREME NETWORKS INC,119000000.0,1999-02-05,95119,159,180,1078271,1999-08-04,1988.0
48,NETO,NETOBJECTS INC,72000000.0,1999-02-05,94063,155,180,1009386,1999-08-04,1995.0
49,FCST,FLYCAST COMMUNICATIONS CORP,75000000.0,1999-02-05,94105,86,180,1078292,1999-08-04,1996.0
50,PLXT,PLX TECHNOLOGY INC,29700000.0,1999-02-04,94085,71,180,850579,1999-08-03,1984.0
51,NPNT,NORTHPOINT COMMUNICATIONS GROUP INC,360000000.0,1999-03-31,94608,506,180,1080558,1999-09-27,1997.0
52,DITC,DITECH NETWORKS INC,33000000.0,1999-03-25,94043,90,180,1080667,1999-09-21,1983.0
53,EELN,E LOAN INC,49000000.0,1999-03-24,94588,237,180,1082337,1999-09-20,1996.0
54,NXCD,NEXTCARD INC,120000000.0,1999-03-19,94105,135,180,1081015,1999-09-15,1997.0
55,SCNT,SCIENT CORP,60000000.0,1999-03-19,94111,260,180,1081394,1999-09-15,1997.0
56,NTVN,MAXUS TECHNOLOGY CORP,25000000.0,1999-03-17,95037,29,180,1054709,1999-09-13,1993.0
57,RBAK,REDBACK NETWORKS INC,57500000.0,1999-03-16,95134,127,180,1081290,1999-09-12,1996.0
58,ADFC,ADFORCE INC,67500000.0,1999-03-02,95014,109,180,1080764,1999-08-29,1994.0
59,CMTN,COPPER MOUNTAIN NETWORKS INC,84000000.0,1999-03-01,94303,154,180,1031951,1999-08-28,1996.0
60,ASKJ,ASK JEEVES INC,42000000.0,1999-04-30,94607,200,180,1054298,1999-10-27,1996.0
61,CYBS,CYBERSOURCE CORP,40000000.0,1999-04-30,94043,146,180,934280,1999-10-27,1994.0
62,TCTY,"LIVEWORLD, INC.",60000000.0,1999-04-30,95129,82,180,1080088,1999-10-27,1996.0
63,ISLD,DIGITAL ISLAND INC,60000000.0,1999-04-26,94105,146,180,1084329,1999-10-23,1994.0
64,EONC,"INVENTERGY GLOBAL, INC.",43200000.0,1999-04-26,95014,249,180,1084752,1999-10-23,1991.0
65,CMRC,COMMERCE ONE INC,69300000.0,1999-04-26,94588,357,180,1069450,1999-10-23,1994.0
66,ARBA,ARIBA INC,115000000.0,1999-04-23,94085,221,180,1084755,1999-10-20,1996.0
67,QKKA,QUOKKA SPORTS INC,60000000.0,1999-04-23,94107,186,180,1037737,1999-10-20,1996.0
68,PRSW,PERSISTENCE SOFTWARE INC,33000000.0,1999-04-23,94402,81,180,1084400,1999-10-20,1991.0
70,JNPR,JUNIPER NETWORKS INC,163200000.0,1999-04-21,94089,190,180,1043604,1999-10-18,1996.0
71,SALN,SALON MEDIA GROUP INC,26250000.0,1999-04-19,94102,99,180,1084332,1999-10-16,1995.0
72,RAMP,RAMP NETWORKS INC,44000000.0,1999-04-16,95054,103,180,1084145,1999-10-13,1994.0
73,CLRN,CLARENT CORP/DE,60000000.0,1999-04-09,94063,155,180,1068292,1999-10-06,1996.0
74,TWAV,THERMA WAVE INC,180000000.0,1999-04-09,94539,352,180,828119,1999-10-06,1986.0
76,MYPT,MYPOINTS COM INC,40000000.0,1999-04-02,94105,123,180,1082797,1999-09-29,1996.0
77,TMWD,TUMBLEWEED COMMUNICATIONS CORP,48000000.0,1999-05-28,94063,75,180,1022509,1999-11-24,1993.0
78,ACRU,ACCRUE SOFTWARE INC,39000000.0,1999-05-27,94538,62,180,1087243,1999-11-23,1996.0
79,NTIQ,NETIQ CORP,39000000.0,1999-05-26,95134,111,180,1084827,1999-11-22,1976.0
80,AGA,U S AGGREGATES INC,75000000.0,1999-05-25,94402,2000,180,1054422,1999-11-21,1982.0
82,CGLD,CYBERGOLD INC,45000000.0,1999-05-21,94612,62,180,1086937,1999-11-17,1994.0
83,LBRT,LIBERATE TECHNOLOGIES,100000000.0,1999-05-19,94301,228,180,1085776,1999-11-15,1995.0
85,USIT,U S INTERACTIVE INC/PA,46150000.0,1999-05-19,95014,254,180,1086637,1999-11-15,1991.0
86,FCS,FAIRCHILD SEMICONDUCTOR INTERNATIONAL INC,370000000.0,1999-05-14,95134,8090,180,1036960,1999-11-10,1964.0
87,WOMN,WOMEN COM NETWORKS INC,37500000.0,1999-05-13,94044,264,180,1084609,1999-11-09,1983.0
89,TIBX,TIBCO SOFTWARE INC,109500000.0,1999-05-11,94304,342,180,1085280,1999-11-07,1985.0
90,VXGN,"DIADEXUS, INC.",40300000.0,1999-05-07,94080,52,180,1036968,1999-11-03,1996.0
91,BEOS,BE INC,36000000.0,1999-05-06,94043,93,180,895921,1999-11-02,1990.0
92,AGIL,AGILE SOFTWARE CORP,63000000.0,1999-06-23,95119,156,180,1088653,1999-12-20,1995.0
93,VITR,VITRIA TECHNOLOGY INC,48000000.0,1999-06-22,94086,180,180,1050808,1999-12-19,1994.0
94,FSHP,APTIMUS INC,38400000.0,1999-06-21,94105,102,180,1087277,1999-12-18,1994.0
95,DNA,GENENTECH INC,1700000000.0,1999-06-15,94080, -- ,180,318771,1999-12-12,1975.0
96,LOOK,LOOKSMART LTD,92400000.0,1999-06-14,94105,465,180,1077866,1999-12-11,1996.0
97,ASWX,ACTIVE SOFTWARE INC,38500000.0,1999-06-11,95054,120,180,1088147,1999-12-08,1995.0
98,WINK,WINK COMMUNICATIONS INC,76000000.0,1999-06-08,94501,99,180,1062157,1999-12-05,1983.0
99,ATGN,ALTIGEN COMMUNICATIONS INC,32500000.0,1999-06-04,95134,73,180,1003607,1999-12-01,1994.0
100,BWEB,BACKWEB TECHNOLOGIES LTD,66000000.0,1999-06-03,95110,158,180,1082064,1999-11-30,1995.0
101,VIAD,VIADOR INC,36000000.0,1999-07-29,94085,108,180,1089026,2000-01-25,1995.0
102,ITRU,INTERTRUST TECHNOLOGIES CORP,117000000.0,1999-07-29,95054,144,180,1089717,2000-01-25,1990.0
103,IWOV,INTERWOVEN INC,53550000.0,1999-07-27,95134,159,180,1042431,2000-01-23,1995.0
104,SIMG,SILICON IMAGE INC,46800000.0,1999-07-23,94085,66,180,1003214,2000-01-19,1995.0
105,TIVO,TIVO SOLUTIONS INC.,88000000.0,1999-07-22,95002,100,180,1088825,2000-01-18,1997.0
106,NCNT,NETCENTIVES INC,72000000.0,1999-07-22,94107,149,180,1081404,2000-01-18,1996.0
107,EGAN,EGAIN CORP,60000000.0,1999-07-22,94089,155,180,1066194,2000-01-18,1997.0
108,CLIC,CALICO COMMERCE INC/,56000000.0,1999-07-15,95110,210,180,1081154,2000-01-11,1965.0
110,EPNY,E PIPHANY INC,66400000.0,1999-07-14,94402,167,180,1089613,2000-01-10,1997.0
111,KEYN,KEYNOTE SYSTEMS INC,56000000.0,1999-07-13,94404,76,180,1032761,2000-01-09,1995.0
112,ATON,ALTEON WEBSYSTEMS INC,76000000.0,1999-07-09,95119,158,180,1089925,2000-01-05,1996.0
113,FDRY,FOUNDRY NETWORKS LLC,125000000.0,1999-07-09,95110,131,180,1090071,2000-01-05,1996.0
114,PLRX,PARAGON FINANCIAL CORP,96000000.0,1999-07-08,94080,154,180,1089979,2000-01-04,1997.0
115,BBSW,BROADBASE SOFTWARE INC,56000000.0,1999-07-02,94025,105,180,1076016,1999-12-29,1995.0
116,SAGI,SAGE INC/CA,36000000.0,1999-08-30,95131,74,180,1063662,2000-02-26,1994.0
117,SNWL,SONICWALL INC,56000000.0,1999-08-27,95124,53,180,1093885,2000-02-23,1991.0
118,A,AGILENT TECHNOLOGIES INC,2160000000.0,1999-08-16,95051,45800,180,1090872,2000-02-12,1949.0
119,WBVN,WEBVAN GROUP INC,375000000.0,1999-08-06,94404,630,180,1092657,2000-02-02,1997.0
120,ELOQ,ELOQUENT INC,72000000.0,1999-10-22,94402,138,180,1003265,2000-04-19,1995.0
122,MAXY,MAXYGEN INC,96000000.0,1999-10-20,94402,126,180,1068796,2000-04-17,1997.0
123,TLRK,TULARIK INC,97300000.0,1999-10-15,94080,204,180,889057,2000-04-12,1991.0
124,NEOF,NEOFORMA INC,91000000.0,1999-10-15,95134,269,180,1096219,2000-04-12,1996.0
125,EGRT,EGREETINGS NETWORK INC,60000000.0,1999-10-07,94105,148,180,1083992,2000-04-04,1994.0
126,OGNC,ORGANIC INC,110000000.0,1999-11-24,94107,681,180,1093709,2000-05-22,1993.0
127,TSTN,TURNSTONE SYSTEMS INC,87000000.0,1999-11-22,95050,73,180,1054131,2000-05-20,1998.0
128,EXTN,EXTENSITY INC,80000000.0,1999-11-15,94608,175,180,1096473,2000-05-13,1995.0
129,VCNT,VICINITY CORP,119000000.0,1999-11-03,94303,131,180,1029784,2000-05-01,1995.0
130,SNOW,IGN ENTERTAINMENT INC,68750000.0,1999-12-23,94005,260,180,1101547,2000-06-20,1991.0
133,NIKU,NIKU CORP,192000000.0,1999-12-22,94063,400,180,1076641,2000-06-19,1998.0
134,IMPV,IMPROVENET INC,8000000.0,1999-12-16,94063,198,180,1043561,2000-06-13,1996.0
136,PALM,PALM INC,874000000.0,1999-12-13,94085,652,180,1100389,2000-06-10,1992.0
137,VATA,VERSATA INC,92400000.0,1999-12-10,94612,333,180,1034397,2000-06-07,1991.0
138,DTHK,DIGITALTHINK INC,61600000.0,1999-12-09,94107,200,180,1100514,2000-06-06,1996.0
139,CHRD,CHORDIANT SOFTWARE INC,81000000.0,1999-12-06,95014,144,180,1042134,2000-06-03,1991.0
140,AVNX,AVANEX CORP,216000000.0,1999-12-03,94538,251,180,1056794,2000-05-31,1997.0
141,IPRT,IPRINT TECHNOLOGIES INC,45000000.0,1999-12-01,94025,168,180,1099795,2000-05-29,1996.0
142,OTEC,ORATEC INTERVENTIONS INC,56000000.0,2000-01-31,94025,213,180,1037165,2000-07-29,1993.0
143,SABA,SABA SOFTWARE INC,60000000.0,2000-01-31,94065,357,180,1070380,2000-07-29,1997.0
144,NMTC,NUMERICAL TECHNOLOGIES INC,77476000.0,2000-01-28,95134,105,180,1091226,2000-07-26,1995.0
145,ISIL,INTERSIL CORP/DE,500000000.0,2000-01-21,95035,5693,180,1096325,2000-07-19,1980.0
146,ACLA,ACLARA BIOSCIENCES INC,189000000.0,2000-01-20,94043,60,180,1067588,2000-07-18,1995.0
147,INSN,INSILICON CORP,42000000.0,2000-01-13,95134,78,180,1099425,2000-07-11,1999.0
148,BLZE,BLAZE SOFTWARE INC,64000000.0,2000-01-12,95113,128,180,1103088,2000-07-10,1985.0
149,TLCT,DIRECTV BROADBAND INC,132000000.0,2000-01-07,95014,256,180,1102448,2000-07-05,1999.0
150,RPTR,REPEATER TECHNOLOGIES INC,42750000.0,2000-02-28,94089,95,180,1052246,2000-08-26,1983.0
151,PXLW,"PIXELWORKS, INC",57500000.0,2000-02-25,95110,88,180,1040161,2000-08-23,1997.0
152,VLGC,"MONOGRAM BIOSCIENCES, INC.",35000000.0,2000-02-22,94080,110,180,1094961,2000-08-20,1995.0
153,EMBT,EMBARCADERO TECHNOLOGIES INC,42000000.0,2000-02-22,94111,105,180,1107112,2000-08-20,1993.0
154,CTLM,CENTILLIUM COMMUNICATIONS INC,76000000.0,2000-02-18,94539,176,180,1107194,2000-08-16,1997.0
155,LEXR,LEXAR MEDIA INC,52000000.0,2000-02-16,94538,168,180,1058289,2000-08-14,1993.0
156,EXEL,"EXELIXIS, INC.",118300000.0,2000-02-07,94502,168,180,939767,2000-08-05,1994.0
157,NUAN,NUANCE COMMUNICATIONS,76500000.0,2000-02-04,94025,258,180,1102556,2000-08-02,1994.0
158,CWLD,CROSSWORLDS SOFTWARE INC,40000000.0,2000-02-03,94010,235,180,1037834,2000-08-01,1956.0
160,ITMN,INTERMUNE INC,125000000.0,2000-02-02,94005,23,180,1087432,2000-07-31,1998.0
161,IBEM,IBEAM BROADCASTING CORP,110000000.0,2000-02-01,94086,265,180,1098570,2000-07-30,1998.0
162,COSN,COSINE COMMUNICATIONS INC,230000000.0,2000-04-28,94065,428,180,1060824,2000-10-25,1998.0
163,AGNT,ARGONAUT TECHNOLOGIES INC,69000000.0,2000-04-27,94063,99,180,1112880,2000-10-24,1994.0
164,CRIO,CORIO INC,140000000.0,2000-04-21,94070,456,180,1111001,2000-10-18,1998.0
165,DRRX,DURECT CORP,84000000.0,2000-04-20,95014,70,180,1082038,2000-10-17,1998.0
166,IAWK,IASIAWORKS INC,117000000.0,2000-04-20,94403,210,180,1110992,2000-10-17,1995.0
167,WMUX,PROXIM CORP,90000000.0,2000-04-20,94089,194,180,1112263,2000-10-17,1979.0
168,PHST,PHARSIGHT CORP,30000000.0,2000-04-17,94041,92,180,1040853,2000-10-14,1995.0
169,DCNT,DOCENT INC,88000000.0,2000-04-11,94043,205,180,1043134,2000-10-08,1997.0
170,CPHD,CEPHEID,30000000.0,2000-04-07,94089,76,180,1037760,2000-10-04,1996.0
171,PEOP,PEOPLEPC INC,85000000.0,2000-04-05,94111,151,180,1109551,2000-10-02,1999.0
173,TVIA,TVIA INC,55000000.0,2000-04-04,95054,102,180,1109279,2000-10-01,1993.0
174,SYNP,SYNPLICITY INC,34400000.0,2000-07-25,94086,156,180,1027362,2001-01-21,1994.0
175,OPLK,OPLINK COMMUNICATIONS INC,246600000.0,2000-07-14,94538,648,180,1022225,2001-01-10,1995.0
176,ARDI,"ROAD, INC",63000000.0,2000-07-13,94538,287,180,1109537,2001-01-09,1996.0
177,ENWV,ENDWAVE CORP,84000000.0,2000-07-12,95134,448,180,1118941,2001-01-08,1991.0
178,HPLA,HPL TECHNOLOGIES INC,66000000.0,2001-05-29,95110,33,180,1121980,2001-11-25,1989.0
179,LAVA,MAGMA DESIGN AUTOMATION INC,63050000.0,2001-05-14,95110,201,180,1065034,2001-11-10,1997.0
180,BFUN,BAM ENTERTAINMENT INC,40000000.0,2001-06-06,95113,47,180,1132809,2001-12-03,1999.0
181,PYPL,PAYPAL INC,70200000.0,2001-09-28,94303,618,180,1103415,2002-03-27,1998.0
182,NSDA,NASSDA CORP,55000000.0,2001-09-04,95051,64,180,1157624,2002-03-03,1998.0
183,BRE.B,BRE PROPERTIES INC /MD/,75000000.0,2001-09-04,94105,750,180,1011174,2002-03-03,1970.0
184,LF,LEAPFROG ENTERPRISES INC,117000000.0,2002-04-24,94608,503,180,1138951,2002-10-21,1995.0
185,FORM,FORMFACTOR INC,84000000.0,2002-04-22,94551,299,180,1039399,2002-10-19,1913.0
187,ECOC,AMERICAN BRIVISION (HOLDING) CORP,1980000.0,2002-06-28,94538,0,180,1173313,2002-12-25,2015.0
188,IMPC,IMPAC MEDICAL SYSTEMS INC,32812500.0,2002-06-04,94041,242,180,1026448,2002-12-01,1990.0
189,IVII,INTERVIDEO INC,39200000.0,2003-01-30,94538,218,180,1114084,2003-07-29,1998.0
190,IPAS,IPASS INC,98000000.0,2003-01-24,94065,305,180,1053374,2003-07-23,1996.0
191,FRCCO,FIRST REPUBLIC PREFERRED CAPITAL CORP,60000000.0,2003-06-16,94111,0,180,1143834,2003-12-13,1999.0
192,ALSM,ALPHASMART INC,26400000.0,2003-09-30,95032,90,180,1264388,2004-03-28,1992.0
193,TRCA,TERCICA INC,49500000.0,2003-09-12,94005,41,180,1262175,2004-03-10,2000.0
194,SNX,SYNNEX CORP,78300000.0,2003-09-05,94538,1540,180,1177394,2004-03-03,1980.0
195,TSRA,TESSERA TECHNOLOGIES INC,97500000.0,2003-09-04,95134,84,180,1261694,2004-03-02,1990.0
196,DVAX,DYNAVAX TECHNOLOGIES CORP,45000000.0,2003-10-24,94710,44,180,1029142,2004-04-21,1996.0
197,RNVS,RENOVIS INC,66000000.0,2003-10-17,94080,72,180,1118361,2004-04-14,2000.0
198,CRM,SALESFORCE COM INC,110000000.0,2003-12-18,94105,518,180,1108524,2004-06-15,1999.0
199,CGTK,"ANESIVA, INC.",96000000.0,2003-12-04,94080,72,180,1131517,2004-06-01,1999.0
200,CYTK,CYTOKINETICS INC,89700000.0,2004-01-27,94080,163,180,1061983,2004-07-25,1997.0
201,CUTR,CUTERA INC,49448000.0,2004-01-15,94005,112,180,1162461,2004-07-13,1998.0
202,UCTT,"ULTRA CLEAN HOLDINGS, INC.",42000000.0,2004-01-14,94545,285,180,1275014,2004-07-12,1991.0
203,CORT,CORCEPT THERAPEUTICS INC,54000000.0,2004-02-10,94025,14,180,1088856,2004-08-08,1974.0
205,SIRF,SIRF TECHNOLOGY HOLDINGS INC,132000000.0,2004-02-10,95112,152,180,1163943,2004-08-08,1995.0
206,TLEO,TALEO CORP,93800000.0,2004-03-31,94568,516,180,1134203,2004-09-27,1996.0
207,LDIS,LEADIS TECHNOLOGY INC,84000000.0,2004-03-24,94086,67,180,1130626,2004-09-20,2000.0
208,SHOP,SHOPPING COM LTD,123680880.0,2004-03-23,94005,297,180,1108482,2004-09-19,1972.0
211,CTRX,COTHERIX INC,30000000.0,2004-03-11,94080,33,180,1138812,2004-09-07,2000.0
212,ZIPR,ZIPREALTY INC,59150000.0,2004-05-20,94608,919,180,1142512,2004-11-16,1999.0
213,VLTR,VOLTERRA SEMICONDUCTOR CORP,36000000.0,2004-05-19,94538,109,180,1050550,2004-11-15,1996.0
214,CALL,FUZEBOX SOFTWARE CORP,40000000.0,2004-05-13,94105,93,180,1115091,2004-11-09,1987.0
216,IKAN,"IKANOS COMMUNICATIONS, INC.",76800000.0,2004-06-25,94538,154,180,1219210,2004-12-22,1999.0
217,THRX,"INNOVIVA, INC.",98400000.0,2004-06-10,94005,232,180,1080014,2004-12-07,1981.0
219,CONR,CONOR MEDSYSTEMS INC,78000000.0,2004-09-22,94025,62,180,1108271,2005-03-21,1999.0
220,DLB,"DOLBY LABORATORIES, INC.",495000000.0,2004-11-19,94103,779,180,1308547,2005-05-18,1965.0
221,XNPT,XENOPORT INC,52500000.0,2005-01-19,94063,103,180,1130591,2005-07-18,1999.0
222,PAY,"VERIFONE SYSTEMS, INC.",154000000.0,2005-01-11,95134,858,180,1312073,2005-07-10,1985.0
224,HEM,HEMOSENSE INC,19250000.0,2005-03-31,95134,73,180,1127393,2005-09-27,1997.0
225,ISLT,"IXI MOBILE, INC.",36000000.0,2005-03-15,94002,3,180,1319644,2005-09-11,2000.0
226,MEND,MICRUS ENDOVASCULAR CORP,35750000.0,2005-03-04,95131,131,180,1028318,2005-08-31,1996.0
227,KFN,KKR FINANCIAL CORP,800000016.0,2005-04-15,94104,0,180,1301508,2005-10-12,2004.0
228,AATI,ADVANCED ANALOGIC TECHNOLOGIES INC,106000000.0,2005-04-04,95054,183,180,1104042,2005-10-01,1969.0
230,GSG,ISHARES S&P GSCI COMMODITY-INDEXED TRUST,697480000.0,2005-07-22,94105, -- ,180,1332174,2006-01-18,2006.0
231,GHDX,GENOMIC HEALTH INC,60200664.0,2005-07-15,94063,117,180,1131324,2006-01-11,2000.0
232,SPWR,SUNPOWER CORP,138600000.0,2005-08-25,95134,762,180,867773,2006-02-21,1985.0
233,SMOD,"SMART MODULAR TECHNOLOGIES (WWH), INC.",163636362.0,2005-10-19,94560,1079,180,1326973,2006-04-17,1988.0
235,TWPG,"THOMAS WEISEL PARTNERS GROUP, INC.",90000000.0,2005-10-19,94104,544,180,1340354,2006-04-17,1998.0
236,CRDC,DEX LIQUIDATING CO.,35000000.0,2005-11-04,94063,42,180,1178104,2006-05-03,1997.0
237,TRGT,"CATALYST BIOSCIENCES, INC.",45000000.0,2006-01-17,94080,74,180,1124105,2006-07-16,1997.0
238,TWLL,TECHWELL INC,49500000.0,2006-01-11,95134,81,180,1171529,2006-07-10,1997.0
239,LOOP,"LOOPNET, INC.",72000000.0,2006-03-01,94107,145,180,1353209,2006-08-28,1997.0
240,BARE,BARE ESCENTUALS INC,352000000.0,2006-06-30,94105,706,180,1295557,2006-12-27,1975.0
242,SFLY,SHUTTERFLY INC,87000000.0,2006-06-29,94065,208,180,1125920,2006-12-26,1999.0
243,COINU,"FINJAN HOLDINGS, INC.",9900000.0,2006-06-21,94303,4,180,1366340,2006-12-18,1996.0
244,AFFY,AFFYMAX INC,92500000.0,2006-07-28,94014,98,180,1158223,2007-01-24,1988.0
245,HNSN,HANSEN MEDICAL INC,75000000.0,2006-08-16,94043,93,180,1276591,2007-02-12,2002.0
246,THRM,SOLTA MEDICAL INC,42000000.0,2006-08-10,94545,150,180,1171298,2007-02-06,1996.0
247,XTNT,XTENT INC,75200000.0,2006-08-07,94025,108,180,1212235,2007-02-03,2002.0
248,MLNX,"MELLANOX TECHNOLOGIES, LTD.",102000000.0,2006-09-28,94085,171,180,1356104,2007-03-27,1999.0
249,GSIT,GSI TECHNOLOGY INC,33721111.0,2007-01-10,94089,100,180,1126741,2007-07-09,1995.0
250,INFN,INFINERA CORP,182000000.0,2007-02-26,94089,617,180,1138639,2007-08-25,1968.0
253,NBY,"NOVABAY PHARMACEUTICALS, INC.",20000000.0,2007-02-14,94608,33,180,1389545,2007-08-13,2000.0
254,JMP,JMP GROUP INC.,87990078.0,2007-02-14,94111,187,180,1383803,2007-08-13,1999.0
255,CAVM,"CAVIUM, INC.",91125000.0,2007-02-13,95131,177,180,1175609,2007-08-12,2000.0
256,SHOR,SHORETEL INC,75050000.0,2007-02-12,94085,250,180,1388133,2007-08-11,1966.0
258,NGSX,NEUROGESX INC,44000000.0,2007-02-07,94404,37,180,1385830,2007-08-06,1998.0
259,DDUP,"DATA DOMAIN, INC.",105000000.0,2007-03-30,95054,246,180,1391984,2007-09-26,2001.0
260,DMAN,"DEMANDTEC, INC.",66000000.0,2007-05-24,94403,218,180,1400400,2007-11-20,1999.0
261,SFSF,"SUCCESSFACTORS, INC.",107900000.0,2007-07-20,94404,697,180,1402305,2008-01-16,2001.0
262,N,NETSUITE INC,161200000.0,2007-07-02,94403,603,180,1117106,2007-12-29,1998.0
263,ARYX,"ARYX THERAPEUTICS, INC.",50000000.0,2007-08-30,94555,70,180,1410064,2008-02-26,1997.0
264,BFRM,BIOFORM MEDICAL INC,80000000.0,2007-08-20,94402,294,180,1282393,2008-02-16,1999.0
265,PAR,3PAR INC.,105000000.0,2007-08-14,94538,370,180,1408501,2008-02-10,1986.0
268,FTNT,"FORTINET, INC.",156250000.0,2009-08-10,94086,1196,180,1262039,2010-02-06,2000.0
269,ANTH,ANTHERA PHARMACEUTICALS INC,42000000.0,2009-09-15,94545,14,180,1316175,2010-03-14,2004.0
270,CALX,"CALIX, INC",82276116.0,2009-11-20,95134,407,180,1406666,2010-05-19,1999.0
271,QNST,"QUINSTREET, INC",150000000.0,2009-11-19,94404,568,180,1117297,2010-05-18,1999.0
272,TRNO,TERRENO REALTY CORP,175000000.0,2009-11-10,94108,6,180,1476150,2010-05-09,1977.0
273,TSLA,"TESLA, INC.",226100000.0,2010-01-29,94304,646,180,1318605,2010-07-28,2003.0
274,AOSL,ALPHA & OMEGA SEMICONDUCTOR LTD,91547730.0,2010-03-31,94085,855,180,1387467,2010-09-27,2000.0
275,GNOM,COMPLETE GENOMICS INC,54000000.0,2010-07-30,94043,167,180,1361103,2011-01-26,1996.0
277,EPOC,EPOCRATES INC,85760000.0,2010-07-16,94403,292,180,1096738,2011-01-12,1998.0
278,ANAC,"ANACOR PHARMACEUTICALS, INC.",60000000.0,2010-09-10,94303,60,180,1411158,2011-03-09,2002.0
279,ZGNX,"ZOGENIX, INC.",56000000.0,2010-09-03,94608,145,180,1375151,2011-03-02,2006.0
280,LNKD,LINKEDIN CORP,352800000.0,2011-01-27,94085,1288,180,1271024,2011-07-26,2003.0
281,RPXC,RPX CORP,160178265.0,2011-01-21,94105,66,180,1509432,2011-07-20,2008.0
282,PFPT,PROOFPOINT INC,82282473.0,2011-12-14,94089,376,206,1212458,2012-06-11,2002.0
283,CMDT,ISHARES COMMODITY OPTIMIZED TRUST,1023000000.0,2011-12-07,94105, -- ,180,1535365,2012-06-04,2010.0
284,BNNY,"ANNIE'S, INC.",95000000.0,2011-12-01,94710,86,180,1431897,2012-05-29,2004.0
285,NOW,"SERVICENOW, INC.",209700000.0,2012-03-30,95054,728,180,1373715,2012-09-26,2004.0
286,MRIN,MARIN SOFTWARE INC,105000000.0,2013-02-13,94105,424,180,1389002,2013-08-12,2006.0
287,MODN,"MODEL N, INC.",104470000.0,2013-02-13,94404,600,180,1118417,2013-08-12,1999.0
288,NMIH,"NMI HOLDINGS, INC.",641233420.8,2013-06-21,94608, -- ,180,1547903,2013-12-18,2011.0
289,RLYP,RELYPSA INC,75350000.0,2013-09-27,94063,69,180,1416792,2014-03-26,2007.0
290,VCYT,"VERACYTE, INC.",65000000.0,2013-09-20,94080,107,180,1384101,2014-03-19,2006.0
291,VEEV,VEEVA SYSTEMS INC,260900000.0,2013-09-11,94588,593,180,1393052,2014-03-10,2007.0
292,CMBY,"CYMABAY THERAPEUTICS, INC.",57282465.0,2013-11-29,94560,13,180,1042074,2014-05-28,1988.0
293,TNET,TRINET GROUP INC,240000000.0,2013-11-21,94568,1783,180,937098,2014-05-20,1989.0
295,SMLR,"SEMLER SCIENTIFIC, INC.",10010000.0,2013-11-15,95112,12,180,1554859,2014-05-14,2007.0
296,KIN,"KINDRED BIOSCIENCES, INC.",52500000.0,2013-11-08,94010,9,180,1561743,2014-05-07,2012.0
297,RVNC,"REVANCE THERAPEUTICS, INC.",96000000.0,2013-12-31,94560,64,180,1479290,2014-06-29,1999.0
298,COUP,QUOTIENT TECHNOLOGY INC.,168000000.0,2014-01-31,94043,469,180,1115128,2014-07-30,1998.0
300,AKAO,"ACHAOGEN, INC.",72000000.0,2014-01-24,94080,39,180,1301501,2014-07-23,2002.0
301,WATT,ENERGOUS CORP,24000000.0,2014-01-24,95134,9,180,1575793,2014-07-23,2012.0
302,ATEN,"A10 NETWORKS, INC.",187500000.0,2014-02-18,95134,591,180,1580808,2014-08-17,1990.0
304,HIVE,"AEROHIVE NETWORKS, INC",75000000.0,2014-02-13,95035,520,180,1372414,2014-08-12,2006.0
305,CSLT,"CASTLIGHT HEALTH, INC.",177600000.0,2014-02-10,94105,287,180,1433714,2014-08-09,1926.0
307,ZEN,"ZENDESK, INC.",99999999.0,2014-04-10,94103,614,180,1463172,2014-10-07,2007.0
308,MOBL,"MOBILEIRON, INC.",99999999.0,2014-04-07,94043,632,180,1470099,2014-10-04,2007.0
309,AAVL,"ADVERUM BIOTECHNOLOGIES, INC.",102000000.0,2014-06-30,94025,14,180,1501756,2014-12-27,2006.0
310,YDLE,YODLEE INC,75000000.0,2014-06-30,94065,840,180,1161315,2014-12-27,1999.0
311,ZSAN,ZOSANO PHARMA CORP,49500000.0,2014-06-24,94555,29,180,1587221,2014-12-21,2012.0
312,XENT,"INTERSECT ENT, INC.",55000000.0,2014-06-23,94025,146,180,1271214,2014-12-20,2003.0
313,ATRA,"ATARA BIOTHERAPEUTICS, INC.",55000000.0,2014-06-20,94080,15,180,1604464,2014-12-17,2012.0
314,CAPN,SOLENO THERAPEUTICS INC,10725000.0,2014-06-10,94065,9,180,1484565,2014-12-07,1999.0
315,CDNA,"CAREDX, INC.",40000000.0,2014-06-03,94005,55,180,1217234,2014-11-30,1998.0
316,DERM,"DERMIRA, INC.",125000000.0,2014-08-27,94025,25,180,1557883,2015-02-23,1987.0
318,LC,LENDINGCLUB CORP,865500000.0,2014-08-27,94105,742,180,1409970,2015-02-23,2006.0
319,JAGX,"JAGUAR HEALTH, INC.",20020000.0,2014-08-27,94105,17,180,1585608,2015-02-23,2013.0
320,CALA,"CALITHERA BIOSCIENCES, INC.",80000000.0,2014-08-25,94080,36,180,1496671,2015-02-21,2010.0
321,NVTA,INVITAE CORP,101600000.0,2015-01-09,94103,161,180,1501134,2015-07-08,2010.0
322,APIC,APIGEE CORP,86955000.0,2015-03-20,95113,404,180,1324772,2015-09-16,2004.0
323,ADRO,"ADURO BIOTECH, INC.",119000000.0,2015-03-11,94710,53,180,1435049,2015-09-07,2000.0
324,XTLY,XACTLY CORP,56300000.0,2015-05-19,95110,345,180,1322554,2015-11-15,2005.0
325,FIT,FITBIT INC,731500000.0,2015-05-07,94105,579,180,1447599,2015-11-03,2007.0
326,SQ,"SQUARE, INC.",243000000.0,2015-10-14,94103,1282,180,1512673,2016-04-11,2009.0
327,NTNX,"NUTANIX, INC.",237920000.0,2015-12-22,95110,1980,180,1618732,2016-06-19,2009.0
328,PLSE,"PULSE BIOSCIENCES, INC.",20000000.0,2015-12-22,94545,12,180,1625101,2016-06-19,1957.0
330,TWLO,TWILIO INC,150000000.0,2016-05-26,94105,567,180,1447669,2016-11-22,2008.0
331,QTNA,QUANTENNA COMMUNICATIONS INC,107200000.0,2016-09-29,95131,303,180,1370702,2017-03-28,2005.0
332,IRTC,"IRHYTHM TECHNOLOGIES, INC.",107000006.0,2016-09-23,94103,373,180,1388658,2017-03-22,2006.0
333,ICHR,"ICHOR HOLDINGS, LTD.",52900002.0,2016-11-14,94538,530,180,1652535,2017-05-13,1999.0
334,MULE,"MULESOFT, INC",221000000.0,2017-02-17,94108,841,180,1374684,2017-08-16,2003.0
335,CLDR,"CLOUDERA, INC.",225000000.0,2017-03-31,94304,1470,180,1535379,2017-09-27,2008.0
336,OKTA,"OKTA, INC.",187000000.0,2017-03-13,94105,898,180,1660134,2017-09-09,2009.0
337,TRTX,"TPG RE FINANCE TRUST, INC.",220000000.0,2017-04-25,94104,0,180,1630472,2017-10-22,2014.0
338,SSTI,"SHOTSPOTTER, INC",30800000.0,2017-05-02,94560,76,180,1351636,2017-10-29,1978.0
341,DOTAU,DRAPER OAKWOOD TECHNOLOGY ACQUISITION INC.,50000000.0,2017-08-25,94401,2,180,1705771,2018-02-21,2017.0
342,IPOAU,SOCIAL CAPITAL HEDOSOPHIA HOLDINGS CORP.,600000000.0,2017-08-23,94301,5,180,1706946,2018-02-19,2017.0
343,ROKU,"ROKU, INC",219352000.0,2017-09-01,95032,696,180,1428439,2018-02-28,2002.0
344,HAIR,"RESTORATION ROBOTICS, INC.",25025000.0,2017-09-01,95134,91,180,1409269,2018-02-28,2002.0
345,SFIX,"STITCH FIX, INC.",120000000.0,2017-10-19,94104,5800,180,1576942,2018-04-17,2011.0
346,FSCT,"FORESCOUT TECHNOLOGIES, INC",116160000.0,2017-10-02,95134,809,180,1145057,2018-03-31,2000.0
347,GIG'U,"GIGCAPITAL, INC.",125000000.0,2017-11-15,94303,2,180,1719489,2018-05-14,2017.0
348,ARMO,"ARMO BIOSCIENCES, INC.",128000004.0,2017-12-29,94063,21,180,1693664,2018-06-27,2010.0
349,MNLO,MENLO THERAPEUTICS INC.,119000000.0,2017-12-28,94063,32,180,1566044,2018-06-26,2011.0
350,NEBUU,NEBULA ACQUISITION CORP,250000000.0,2017-12-18,94111,3,180,1720353,2018-06-16,2017.0
351,DBX,"DROPBOX, INC.",756000000.0,2018-02-23,94107,1858,180,1467623,2018-08-22,2007.0
352,RCUS,"ARCUS BIOSCIENCES, INC.",120000000.0,2018-02-16,94545,83,180,1724521,2018-08-15,2015.0
353,ZS,"ZSCALER, INC.",192000000.0,2018-02-16,95134,950,180,1713683,2018-08-15,2008.0
354,UBX,"UNITY BIOTECHNOLOGY, INC.",85000000.0,2018-04-05,94005,67,180,1463361,2018-10-02,2016.0
355,EIDX,"EIDOS THERAPEUTICS, INC.",106250000.0,2018-05-25,94104,14,180,1731831,2018-11-21,2013.0
356,KZR,"KEZAR LIFE SCIENCES, INC.",75000000.0,2018-05-24,94080,20,180,1645666,2018-11-20,2015.0
357,ALLK,ALLAKOS INC.,128399994.0,2018-06-22,94065,44,180,1564824,2018-12-19,2012.0
358,BE,BLOOM ENERGY CORP,270000000.0,2018-06-12,95134,1409,180,1664703,2018-12-09,2001.0
359,TCDA,"TRICIDA, INC.",222300000.0,2018-06-04,94080,61,180,1595585,2018-12-01,2013.0
360,FTSV,"FORTY SEVEN, INC.",112560000.0,2018-06-01,94025,46,180,1667633,2018-11-28,2014.0
361,ARDS,"ARIDIS PHARMACEUTICALS, INC.",26000000.0,2018-07-18,95138,30,180,1614067,2019-01-14,2003.0
362,ARLO,"ARLO TECHNOLOGIES, INC.",163440000.0,2018-07-06,95134,319,180,1736946,2019-01-02,2014.0
363,STRO,"SUTRO BIOPHARMA, INC.",85005000.0,2018-08-29,94080,128,180,1382101,2019-02-25,1987.0
365,SVMK,SVMK INC.,180000000.0,2018-08-29,94403,761,180,1739936,2019-02-25,1999.0
366,EB,"EVENTBRITE, INC.",230000000.0,2018-08-23,94103,1016,180,1475115,2019-02-19,2006.0
367,GRTS,"GRITSTONE ONCOLOGY, INC.",100000005.0,2018-08-23,94608,100,180,1656634,2019-02-19,2015.0
368,PRNB,PRINCIPIA BIOPHARMA INC.,106250000.0,2018-08-17,94080,53,180,1510487,2019-02-13,2008.0
369,NGM,NGM BIOPHARMACEUTICALS INC,106666672.0,2018-09-28,94080,164,180,1426332,2019-03-27,2007.0
370,SIBN,"SI-BONE, INC.",108000000.0,2018-09-20,95050,168,180,1459839,2019-03-19,2008.0
371,PLAN,"ANAPLAN, INC.",263500000.0,2018-09-14,94105,1102,180,1540755,2019-03-13,1989.0
373,ALLO,"ALLOGENE THERAPEUTICS, INC.",324000000.0,2018-09-14,94080,78,180,1737287,2019-03-13,2017.0
374,KOD,KODIAK SCIENCES INC.,90000000.0,2018-09-07,94304,28,180,1468748,2019-03-06,2009.0
375,GH,"GUARDANT HEALTH, INC.",237500000.0,2018-09-06,94063,348,180,1576280,2019-03-05,2011.0
376,UPWK,UPWORK INC.,187150395.0,2018-09-06,94043,395,180,1627475,2019-03-05,2015.0
377,TWST,TWIST BIOSCIENCE CORP,70000000.0,2018-10-03,94158,221,180,1581280,2019-04-01,2013.0
378,HARP,"HARPOON THERAPEUTICS, INC.",75600000.0,2018-12-27,94080,45,180,1708493,2019-06-25,1986.0
380,LEVI,LEVI STRAUSS & CO,623333339.0,2019-02-13,94111,14400,180,94845,2019-08-12,1853.0
381,SWAV,"SHOCKWAVE MEDICAL, INC.",96900000.0,2019-02-08,94539,162,180,1642545,2019-08-07,2009.0
382,PINS,"PINTEREST, INC.",1425000000.0,2019-03-22,94103,1797,180,1506293,2019-09-18,2008.0
383,ZM,"ZOOM VIDEO COMMUNICATIONS, INC.",751304340.0,2019-03-22,95113,1702,180,1585521,2019-09-18,2011.0
384,PD,"PAGERDUTY, INC.",217680000.0,2019-03-15,94103,524,180,1568100,2019-09-11,2009.0
385,LYFT,"LYFT, INC.",2340000000.0,2019-03-01,94107,4791,180,1759509,2019-08-28,2007.0
386,IDYA,"IDEAYA BIOSCIENCES, INC.",50000000.0,2019-04-26,94080,58,180,1676725,2019-10-23,2015.0
387,WORK,"SLACK TECHNOLOGIES, INC.",198961796.0,2019-04-26,94105,1664,180,1764925,2019-10-23,2009.0
388,FSLY,"FASTLY, INC.",180000000.0,2019-04-19,94107,489,180,1517413,2019-10-16,2011.0
389,SONM,SONIM TECHNOLOGIES INC,39285719.0,2019-04-15,94402,321,180,1178697,2019-10-12,1999.0
390,UBER,"UBER TECHNOLOGIES, INC",8100000000.0,2019-04-11,94103,22263,180,1543151,2019-10-08,2009.0
391,REAL,"THEREALREAL, INC.",100000000.0,2019-05-31,94133,1748,180,1573221,2019-11-27,2011.0
392,BCEL,"ATRECA, INC.",100000000.0,2019-05-24,94063,85,180,1532346,2019-11-20,2010.0
393,BBIO,"BRIDGEBIO PHARMA, INC.",225000000.0,2019-05-24,94301,152,180,1743881,2019-11-20,2015.0
394,AKRO,"AKERO THERAPEUTICS, INC.",86250000.0,2019-05-24,94080,10,180,1744659,2019-11-20,2017.0
395,PSNL,"PERSONALIS, INC.",115000000.0,2019-05-23,94025,147,180,1527753,2019-11-19,2011.0
396,CRWD,"CROWDSTRIKE HOLDINGS, INC.",476100000.0,2019-05-14,94086,1455,180,1535527,2019-11-10,2011.0
397,GO,GROCERY OUTLET HOLDING CORP.,100000000.0,2019-05-13,94608,906,180,1771515,2019-11-09,1946.0
398,GIX'U,"GIGCAPITAL2, INC.",149500000.0,2019-05-09,94111,2,180,1770141,2019-11-05,2017.0
399,MDLA,"MEDALLIA, INC.",100000000.0,2019-06-21,94402,1258,180,1540184,2019-12-18,
400,MIRM,"MIRUM PHARMACEUTICALS, INC.",86250000.0,2019-06-21,94404,24,180,1759425,2019-12-18,
401,LVGO,"LIVONGO HEALTH, INC.",100000000.0,2019-06-28,94041,471,180,1639225,2019-12-25,
